"0","library(ggplot2)"
"0","library(igraph)"
"0","library(networkD3)"
"0","library(parallel)"
"0","library(foreach)"
"0","library(doParallel)"
"0","library(htmlwidgets)"
"0","library(webshot)"
"0","library(tidygraph)"
"0","library(ggraph)"
"0",""
"0","source('../../MapperAlgo/R/EdgeVertices.R')"
"0","source('../../MapperAlgo/R/ConvertLevelsets.R')"
"0","source('../../MapperAlgo/R/Cover.R')"
"0","source('../../MapperAlgo/R/Cluster.R')"
"0","source('../../MapperAlgo/R/SimplicialComplex.R')"
"0","source('../../MapperAlgo/R/MapperAlgo.R')"
"0",""
"0","data(""iris"")"
"0","data <- iris"
